<?xml version="1.0" encoding="UTF-8"?><rss version="2.0"
	xmlns:content="http://purl.org/rss/1.0/modules/content/"
	xmlns:dc="http://purl.org/dc/elements/1.1/"
	xmlns:atom="http://www.w3.org/2005/Atom"
	xmlns:sy="http://purl.org/rss/1.0/modules/syndication/"
	
	>
<channel>
	<title>
	Comments on: Privacy Policy	</title>
	<atom:link href="httphttps://srsajol31.github.io/scheduling/privacy-policy/feed/" rel="self" type="application/rss+xml" />
	<link>httphttps://srsajol31.github.io/scheduling</link>
	<description></description>
	<lastBuildDate>Thu, 31 Aug 2023 16:48:16 +0000</lastBuildDate>
	<sy:updatePeriod>
	hourly	</sy:updatePeriod>
	<sy:updateFrequency>
	1	</sy:updateFrequency>
	<generator>https://wordpress.org/?v=6.3.1</generator>
</channel>
</rss>
