<?xml version="1.0" encoding="UTF-8"?><rss version="2.0"
	xmlns:content="http://purl.org/rss/1.0/modules/content/"
	xmlns:dc="http://purl.org/dc/elements/1.1/"
	xmlns:atom="http://www.w3.org/2005/Atom"
	xmlns:sy="http://purl.org/rss/1.0/modules/syndication/"
	
	>
<channel>
	<title>
	Comments on: Rugby World Cup: Place de la Concorde will host the Paris Rugby Village	</title>
	<atom:link href="httphttps://srsajol31.github.io/scheduling/rugby-world-cup-place-de-la-concorde-will-host-the-paris-rugby-village/feed/" rel="self" type="application/rss+xml" />
	<link>httphttps://srsajol31.github.io/scheduling/rugby-world-cup-place-de-la-concorde-will-host-the-paris-rugby-village/</link>
	<description></description>
	<lastBuildDate>Thu, 31 Aug 2023 16:52:32 +0000</lastBuildDate>
	<sy:updatePeriod>
	hourly	</sy:updatePeriod>
	<sy:updateFrequency>
	1	</sy:updateFrequency>
	<generator>https://wordpress.org/?v=6.3.1</generator>
</channel>
</rss>
